Workbook

Sheet PROCESAMIENTO PRÁCTICO
B2: Geometría | E2: Tubo central (H) | G2: Tin (°C) = | H2: 41.5 | I2: Tout (°C)= | J2: =35.8 -> 35.8 | K2: Tm (°C) = | L2: =ROUND(AVERAGE(H2,J2),1) -> 38.7 | N2: Tubo exterior(C) | P2: Tin (°C) = | Q2: 22.6 | R2: Tout (°C)= | S2: 25.5 | T2: Tm (°C) = | U2: =AVERAGE(Q2,S2) -> 24.05
B3: Din (m) | C3: 0.01119 | E3: ρ(kg/m3) | F3: =AVERAGE(IFERROR(_xlfn.XLOOKUP(H$2,'PROPIEDADES DEL AGUA A 1atm'!$B5:$B355,'PROPIEDADES DEL AGUA A 1atm'!$D5:$D355),_xlfn.FORECAST.LINEAR($H$2,'PROPIEDADES DEL AGUA A 1atm'!$D5:$D355,'PROPIEDADES DEL AGUA A 1atm'!$B5:$B355)),IFERROR(_xlfn.XLOOKUP(J$2,'PROPIEDADES DEL AGUA A 1atm'!$B5:$B355,'PROPIEDADES DEL AGUA A 1atm'!$D5:$D355),_xlfn.FORECAST.LINEAR($J$2,'PROPIEDADES DEL AGUA A 1atm'!$D5:$D355,'PROPIEDADES DEL AGUA A 1atm'!$B5:$B355))) -> 992.695 | N3: ρ(kg/m3) | O3: =AVERAGE(IFERROR(_xlfn.XLOOKUP(Q$2,'PROPIEDADES DEL AGUA A 1atm'!$B5:$B355,'PROPIEDADES DEL AGUA A 1atm'!$D5:$D355),_xlfn.FORECAST.LINEAR($Q$2,'PROPIEDADES DEL AGUA A 1atm'!$D5:$D355,'PROPIEDADES DEL AGUA A 1atm'!$B5:$B355)),IFERROR(_xlfn.XLOOKUP(S$2,'PROPIEDADES DEL AGUA A 1atm'!$B5:$B355,'PROPIEDADES DEL AGUA A 1atm'!$D5:$D355),_xlfn.FORECAST.LINEAR($S$2,'PROPIEDADES DEL AGUA A 1atm'!$D5:$D355,'PROPIEDADES DEL AGUA A 1atm'!$B5:$B355))) -> 997.28
B4: Espesor (m) | C4: 0.00081 | E4: v(m/s) | F4: 0.4 | H4: Q(W) = | I4: =F$4*C$6*F$3*F$7*1000*(H2-J2) -> 930.28212 | N4: v(m/s) | O4: 1.5 | Q4: Q(W) = | R4: =O3*O4*C7*O7*1000*(-Q2+S2) -> 3091.8559
B5: Dext (m) | C5: 0.019 | E5: D(m) | F5: =C3 -> 0.01119 | N5: Dh(m) | O5: =4*C7/((C3+C4)*PI()) -> 0.018083333
B6: Af int (m2) | C6: =POWER(C3/2,2)*PI() -> 9.8344495e-05 | E6: μ(Pa*s) | F6: =AVERAGE(IFERROR(_xlfn.XLOOKUP(H$2,'PROPIEDADES DEL AGUA A 1atm'!$B5:$B355,'PROPIEDADES DEL AGUA A 1atm'!$M5:$M355),_xlfn.FORECAST.LINEAR($H$2,'PROPIEDADES DEL AGUA A 1atm'!$M5:$M355,'PROPIEDADES DEL AGUA A 1atm'!$B5:$B355)),IFERROR(_xlfn.XLOOKUP(J$2,'PROPIEDADES DEL AGUA A 1atm'!$B5:$B355,'PROPIEDADES DEL AGUA A 1atm'!$M5:$M355),_xlfn.FORECAST.LINEAR($J$2,'PROPIEDADES DEL AGUA A 1atm'!$M5:$M355,'PROPIEDADES DEL AGUA A 1atm'!$B5:$B355))) -> 0.00067126 | N6: μ(Pa*s) | O6: =AVERAGE(IFERROR(_xlfn.XLOOKUP(Q$2,'PROPIEDADES DEL AGUA A 1atm'!$B5:$B355,'PROPIEDADES DEL AGUA A 1atm'!$M5:$M355),_xlfn.FORECAST.LINEAR($Q$2,'PROPIEDADES DEL AGUA A 1atm'!$M5:$M355,'PROPIEDADES DEL AGUA A 1atm'!$B5:$B355)),IFERROR(_xlfn.XLOOKUP(S$2,'PROPIEDADES DEL AGUA A 1atm'!$B5:$B355,'PROPIEDADES DEL AGUA A 1atm'!$M5:$M355),_xlfn.FORECAST.LINEAR($S$2,'PROPIEDADES DEL AGUA A 1atm'!$M5:$M355,'PROPIEDADES DEL AGUA A 1atm'!$B5:$B355))) -> 0.00091045
B7: Af ext (m2) | C7: =POWER(C5/2,2)*PI()-POWER(((C3+C4))/2,2)*PI() -> 0.0001704314 | E7: Cp(J/g*°C) | F7: =AVERAGE(IFERROR(_xlfn.XLOOKUP(H$2,'PROPIEDADES DEL AGUA A 1atm'!$B5:$B355,'PROPIEDADES DEL AGUA A 1atm'!$J5:$J355),_xlfn.FORECAST.LINEAR($H$2,'PROPIEDADES DEL AGUA A 1atm'!$J5:$J355,'PROPIEDADES DEL AGUA A 1atm'!$B5:$B355)),IFERROR(_xlfn.XLOOKUP(J$2,'PROPIEDADES DEL AGUA A 1atm'!$B5:$B355,'PROPIEDADES DEL AGUA A 1atm'!$J5:$J355),_xlfn.FORECAST.LINEAR($J$2,'PROPIEDADES DEL AGUA A 1atm'!$J5:$J355,'PROPIEDADES DEL AGUA A 1atm'!$B5:$B355))) -> 4.1794 | N7: Cp(J/g*°C) | O7: =AVERAGE(IFERROR(_xlfn.XLOOKUP(Q$2,'PROPIEDADES DEL AGUA A 1atm'!$B5:$B355,'PROPIEDADES DEL AGUA A 1atm'!$J5:$J355),_xlfn.FORECAST.LINEAR($Q$2,'PROPIEDADES DEL AGUA A 1atm'!$J5:$J355,'PROPIEDADES DEL AGUA A 1atm'!$B5:$B355)),IFERROR(_xlfn.XLOOKUP(S$2,'PROPIEDADES DEL AGUA A 1atm'!$B5:$B355,'PROPIEDADES DEL AGUA A 1atm'!$J5:$J355),_xlfn.FORECAST.LINEAR($S$2,'PROPIEDADES DEL AGUA A 1atm'!$J5:$J355,'PROPIEDADES DEL AGUA A 1atm'!$B5:$B355))) -> 4.1818

Sheet CÁLCULOS
B2: Geometría | E2: Tubo central (H) | G2: Tin (°C) = | H2: 40 | I2: Tout (°C)= | J2: =H2-5 -> 35 | K2: Tm (°C) = | L2: =ROUND(AVERAGE(H2,J2),1) -> 37.5 | N2: Tubo exterior (C) | P2: Tin (°C) = | Q2: 24 | R2: Tout (°C)= | S2: 24.765797 | T2: Tm (°C) = | U2: =AVERAGE(Q2,S2) -> 24.382898
B3: Din (m) | C3: 0.01119 | E3: ρ(kg/m3) | F3: =AVERAGE(IFERROR(_xlfn.XLOOKUP(H$2,'PROPIEDADES DEL AGUA A 1atm'!$B5:$B355,'PROPIEDADES DEL AGUA A 1atm'!$D5:$D355),_xlfn.FORECAST.LINEAR($H$2,'PROPIEDADES DEL AGUA A 1atm'!$D5:$D355,'PROPIEDADES DEL AGUA A 1atm'!$B5:$B355)),IFERROR(_xlfn.XLOOKUP(J$2,'PROPIEDADES DEL AGUA A 1atm'!$B5:$B355,'PROPIEDADES DEL AGUA A 1atm'!$D5:$D355),_xlfn.FORECAST.LINEAR($J$2,'PROPIEDADES DEL AGUA A 1atm'!$D5:$D355,'PROPIEDADES DEL AGUA A 1atm'!$B5:$B355))) -> 993.125 | N3: ρ(kg/m3) | O3: =AVERAGE(IFERROR(_xlfn.XLOOKUP(Q$2,'PROPIEDADES DEL AGUA A 1atm'!$B5:$B355,'PROPIEDADES DEL AGUA A 1atm'!$D5:$D355),_xlfn.FORECAST.LINEAR($Q$2,'PROPIEDADES DEL AGUA A 1atm'!$D5:$D355,'PROPIEDADES DEL AGUA A 1atm'!$B5:$B355)),IFERROR(_xlfn.XLOOKUP(S$2,'PROPIEDADES DEL AGUA A 1atm'!$B5:$B355,'PROPIEDADES DEL AGUA A 1atm'!$D5:$D355),_xlfn.FORECAST.LINEAR($S$2,'PROPIEDADES DEL AGUA A 1atm'!$D5:$D355,'PROPIEDADES DEL AGUA A 1atm'!$B5:$B355))) -> 997.1015
B4: Espesor (m) | C4: 0.00081 | E4: v(m/s) | F4: 0.4 | H4: Q(W) = | I4: =F$4*C$6*F$3*F$7*1000*(H2-J2) -> 816.38066 | K4: ΔP(Pa)= | L4: =(F3*F11*C11*(F4)^(2))/(2*F5) -> 330.85139 | N4: v(m/s) | O4: 1.5 | Q4: Q(W) = | R4: =O3*O4*C7*O7*1000*(-Q2+S2) -> 816.38 | T4: ΔP(Pa)= | U4: =(O3*O11*C11*(O4)^(2))/(2*(C5-C3-C4)) -> 4958.5656
B5: Dext (m) | C5: 0.019 | E5: D(m) | F5: =C3 -> 0.01119 | N5: Dh(m) | O5: =4*C7/((C3+C4)*PI()) -> 0.018083333
B6: Af int (m2) | C6: =POWER(C3/2,2)*PI() -> 9.8344495e-05 | E6: μ(Pa*s) | F6: =AVERAGE(IFERROR(_xlfn.XLOOKUP(H$2,'PROPIEDADES DEL AGUA A 1atm'!$B5:$B355,'PROPIEDADES DEL AGUA A 1atm'!$M5:$M355),_xlfn.FORECAST.LINEAR($H$2,'PROPIEDADES DEL AGUA A 1atm'!$M5:$M355,'PROPIEDADES DEL AGUA A 1atm'!$B5:$B355)),IFERROR(_xlfn.XLOOKUP(J$2,'PROPIEDADES DEL AGUA A 1atm'!$B5:$B355,'PROPIEDADES DEL AGUA A 1atm'!$M5:$M355),_xlfn.FORECAST.LINEAR($J$2,'PROPIEDADES DEL AGUA A 1atm'!$M5:$M355,'PROPIEDADES DEL AGUA A 1atm'!$B5:$B355))) -> 0.00068593 | H6: Material: | I6: Cobre | N6: μ(Pa*s) | O6: =AVERAGE(IFERROR(_xlfn.XLOOKUP(Q$2,'PROPIEDADES DEL AGUA A 1atm'!$B5:$B355,'PROPIEDADES DEL AGUA A 1atm'!$M5:$M355),_xlfn.FORECAST.LINEAR($Q$2,'PROPIEDADES DEL AGUA A 1atm'!$M5:$M355,'PROPIEDADES DEL AGUA A 1atm'!$B5:$B355)),IFERROR(_xlfn.XLOOKUP(S$2,'PROPIEDADES DEL AGUA A 1atm'!$B5:$B355,'PROPIEDADES DEL AGUA A 1atm'!$M5:$M355),_xlfn.FORECAST.LINEAR($S$2,'PROPIEDADES DEL AGUA A 1atm'!$M5:$M355,'PROPIEDADES DEL AGUA A 1atm'!$B5:$B355))) -> 0.00091081747
B7: Af ext (m2) | C7: =POWER(C5/2,2)*PI()-POWER(((C3+C4))/2,2)*PI() -> 0.0001704314 | E7: Cp(J/g*°C) | F7: =AVERAGE(IFERROR(_xlfn.XLOOKUP(H$2,'PROPIEDADES DEL AGUA A 1atm'!$B5:$B355,'PROPIEDADES DEL AGUA A 1atm'!$J5:$J355),_xlfn.FORECAST.LINEAR($H$2,'PROPIEDADES DEL AGUA A 1atm'!$J5:$J355,'PROPIEDADES DEL AGUA A 1atm'!$B5:$B355)),IFERROR(_xlfn.XLOOKUP(J$2,'PROPIEDADES DEL AGUA A 1atm'!$B5:$B355,'PROPIEDADES DEL AGUA A 1atm'!$J5:$J355),_xlfn.FORECAST.LINEAR($J$2,'PROPIEDADES DEL AGUA A 1atm'!$J5:$J355,'PROPIEDADES DEL AGUA A 1atm'!$B5:$B355))) -> 4.17935 | H7: k(W/m*°C) | I7: 400 | N7: Cp(J/g*°C) | O7: =AVERAGE(IFERROR(_xlfn.XLOOKUP(Q$2,'PROPIEDADES DEL AGUA A 1atm'!$B5:$B355,'PROPIEDADES DEL AGUA A 1atm'!$J5:$J355),_xlfn.FORECAST.LINEAR($Q$2,'PROPIEDADES DEL AGUA A 1atm'!$J5:$J355,'PROPIEDADES DEL AGUA A 1atm'!$B5:$B355)),IFERROR(_xlfn.XLOOKUP(S$2,'PROPIEDADES DEL AGUA A 1atm'!$B5:$B355,'PROPIEDADES DEL AGUA A 1atm'!$J5:$J355),_xlfn.FORECAST.LINEAR($S$2,'PROPIEDADES DEL AGUA A 1atm'!$J5:$J355,'PROPIEDADES DEL AGUA A 1atm'!$B5:$B355))) -> 4.1821397
E8: k(W/m*°C) | F8: =AVERAGE(IFERROR(_xlfn.XLOOKUP(H$2,'PROPIEDADES DEL AGUA A 1atm'!$B5:$B355,'PROPIEDADES DEL AGUA A 1atm'!$N5:$N355),_xlfn.FORECAST.LINEAR($H$2,'PROPIEDADES DEL AGUA A 1atm'!$N5:$N355,'PROPIEDADES DEL AGUA A 1atm'!$B5:$B355)),IFERROR(_xlfn.XLOOKUP(J$2,'PROPIEDADES DEL AGUA A 1atm'!$B5:$B355,'PROPIEDADES DEL AGUA A 1atm'!$N5:$N355),_xlfn.FORECAST.LINEAR($J$2,'PROPIEDADES DEL AGUA A 1atm'!$N5:$N355,'PROPIEDADES DEL AGUA A 1atm'!$B5:$B355))) -> 0.625095 | N8: k(W/m*°C) | O8: =AVERAGE(IFERROR(_xlfn.XLOOKUP(Q$2,'PROPIEDADES DEL AGUA A 1atm'!$B5:$B355,'PROPIEDADES DEL AGUA A 1atm'!$N5:$N355),_xlfn.FORECAST.LINEAR($Q$2,'PROPIEDADES DEL AGUA A 1atm'!$N5:$N355,'PROPIEDADES DEL AGUA A 1atm'!$B5:$B355)),IFERROR(_xlfn.XLOOKUP(S$2,'PROPIEDADES DEL AGUA A 1atm'!$B5:$B355,'PROPIEDADES DEL AGUA A 1atm'!$N5:$N355),_xlfn.FORECAST.LINEAR($S$2,'PROPIEDADES DEL AGUA A 1atm'!$N5:$N355,'PROPIEDADES DEL AGUA A 1atm'!$B5:$B355))) -> 0.60523193
B9: Rf(m2*°C/W)= | C9: 0.0001 | E9: Pr | F9: =(F6*F7)*1000/F8 -> 4.5860894 | H9: Rconv (m*°C/W)= | I9: =1/(PI()*C3*F13) -> 0.011323011 | N9: Pr | O9: =O6*O7*1000/O8 -> 6.2937292 | Q9: Rconv (m*°C/W)= | R9: =1/((C3+C4)*PI()*O13) -> 0.0039481915
E10: Re | F10: =F5*F3*F4/F6 -> 6480.5848 | N10: Re | O10: =O3*O4*O5/O6 -> 29694.62
B11: L (m) = | C11: =I4/(F17*F16) -> 1.3057285 | E11: f | F11: =1 / (0.79 * LN(F$10) - 1.64)^2 -> 0.035687512 | H11: Rcond (m*°C/W)= | I11: =LN(((C4+C3)/C3))/(2*PI()*I7) -> 2.7806807e-05 | N11: f | O11: =1 / (0.79 * LN(O$10) - 1.64)^2 -> 0.023697872 | Q11: Rinc (m*°C/W)= | R11: =C9/((C3+C4)*PI()) -> 0.0026525824
E12: Nu | F12: =((F$11/8)*(F$10-1000)*F$9)/(1+12.7*SQRT(F$11/8)*(F$9^(2/3)-1)) -> 44.971996 | N12: Nu | O12: =((O$11/8)*(O$10-1000)*O$9)/(1+12.7*SQRT(O$11/8)*(O$9^(2/3)-1)) -> 200.73695
E13: hin(W/m2*C) | F13: =(F$12*F$8)/F$5 -> 2512.2225 | H13: Rinc (m*°C/W)= | I13: =C9/(PI()*C3) -> 0.0028445924 | N13: hin(W/m2*°C) | O13: =(O12*O8)/O5 -> 6718.4745
E15: U (W/m2*°C)= | F15: =1/(1/F13+1/O13+2*C9+C4/I7) -> 1335.2521
E16: U (W/m*°C)= | F16: =1/(SUM(I9,I11,I13,R9,R11)) -> 48.085744
E17: ΔTml (°C)= | F17: =((H2-S2)-(J2-Q2))/LN((H2-S2)/(J2-Q2)) -> 13.002399

Sheet PROPIEDADES DEL AGUA A 1atm
B2: Propiedades del agua a 1atm
B4: Temperature (C) | C4: Pressure (MPa) | D4: Density (kg/m3) | E4: Volume (m3/kg) | F4: Internal Energy (kJ/kg) | G4: Enthalpy (kJ/kg) | H4: Entropy (J/g*K) | I4: Cv (J/g*K) | J4: Cp (J/g*K) | K4: Sound Spd. (m/s) | L4: Joule-Thomson (K/MPa) | M4: Viscosity (Pa*s) | N4: Therm. Cond. (W/m*K) | O4: Phase
B5: 15 | C5: 0.10132 | D5: 999.1 | E5: 0.0010009 | F5: 62.975 | G5: 63.077 | H5: 0.22445 | I5: 4.1744 | J5: 4.1885 | K5: 1465.9 | L5: -0.22858 | M5: 0.0011376 | N5: 0.5888 | O5: liquid
B6: 15.1 | C6: 0.10132 | D6: 999.09 | E6: 0.0010009 | F6: 63.394 | G6: 63.496 | H6: 0.2259 | I6: 4.1741 | J6: 4.1884 | K6: 1466.3 | L6: -0.2285 | M6: 0.0011346 | N6: 0.58899 | O6: liquid
B7: 15.2 | C7: 0.10132 | D7: 999.07 | E7: 0.0010009 | F7: 63.813 | G7: 63.915 | H7: 0.22735 | I7: 4.1737 | J7: 4.1882 | K7: 1466.6 | L7: -0.22843 | M7: 0.0011316 | N7: 0.58918 | O7: liquid
B8: 15.3 | C8: 0.10132 | D8: 999.06 | E8: 0.0010009 | F8: 64.232 | G8: 64.333 | H8: 0.22881 | I8: 4.1734 | J8: 4.1881 | K8: 1467 | L8: -0.22835 | M8: 0.0011286 | N8: 0.58938 | O8: liquid
B9: 15.4 | C9: 0.10132 | D9: 999.04 | E9: 0.001001 | F9: 64.651 | G9: 64.752 | H9: 0.23026 | I9: 4.1731 | J9: 4.188 | K9: 1467.3 | L9: -0.22828 | M9: 0.0011256 | N9: 0.58957 | O9: liquid
B10: 15.5 | C10: 0.10132 | D10: 999.03 | E10: 0.001001 | F10: 65.07 | G10: 65.171 | H10: 0.23171 | I10: 4.1727 | J10: 4.1879 | K10: 1467.7 | L10: -0.2282 | M10: 0.0011227 | N10: 0.58976 | O10: liquid
B11: 15.6 | C11: 0.10132 | D11: 999.01 | E11: 0.001001 | F11: 65.488 | G11: 65.59 | H11: 0.23316 | I11: 4.1724 | J11: 4.1878 | K11: 1468 | L11: -0.22813 | M11: 0.0011197 | N11: 0.58995 | O11: liquid
B12: 15.7 | C12: 0.10132 | D12: 998.99 | E12: 0.001001 | F12: 65.907 | G12: 66.008 | H12: 0.23461 | I12: 4.172 | J12: 4.1877 | K12: 1468.4 | L12: -0.22805 | M12: 0.0011168 | N12: 0.59014 | O12: liquid
B13: 15.8 | C13: 0.10132 | D13: 998.98 | E13: 0.001001 | F13: 66.326 | G13: 66.427 | H13: 0.23606 | I13: 4.1717 | J13: 4.1876 | K13: 1468.7 | L13: -0.22798 | M13: 0.0011139 | N13: 0.59033 | O13: liquid
B14: 15.9 | C14: 0.10132 | D14: 998.96 | E14: 0.001001 | F14: 66.745 | G14: 66.846 | H14: 0.23751 | I14: 4.1713 | J14: 4.1875 | K14: 1469 | L14: -0.2279 | M14: 0.001111 | N14: 0.59052 | O14: liquid
B15: 16 | C15: 0.10132 | D15: 998.95 | E15: 0.0010011 | F15: 67.163 | G15: 67.265 | H15: 0.23896 | I15: 4.171 | J15: 4.1874 | K15: 1469.4 | L15: -0.22783 | M15: 0.0011081 | N15: 0.59071 | O15: liquid
B16: 16.1 | C16: 0.10132 | D16: 998.93 | E16: 0.0010011 | F16: 67.582 | G16: 67.683 | H16: 0.2404 | I16: 4.1706 | J16: 4.1873 | K16: 1469.7 | L16: -0.22775 | M16: 0.0011052 | N16: 0.59089 | O16: liquid
... B355: 50 | C355: 0.10132 | D355: 988.04 | E355: 0.0010121 | F355: 209.32 | G355: 209.42 | H355: 0.70377 | I355: 4.0262 | J355: 4.1813 | K355: 1542.6 | L355: -0.20625 | M355: 0.00054652 | N355: 0.64062 | O355: liquid
